id;group_id;login;password;mail;last_login;status;created_at
1;2;afossitt0;c8cfd133558c71d148c53c76b82175c15010d0f2c616094d67dba6148d34c205;bartrick0@ehow.com;2016-04-09 20:22:05;1;2013-10-25 20:21:26
2;8;acausey1;05b285abd1900f0f0051eea8b2fc02a38893f7b7381c276298138280962e8cb5;braisher1@bigcartel.com;2016-08-10 03:26:31;1;2013-01-14 09:04:25
3;9;estallybrass2;40ff36f3fafdf5e649dc942972458cb84c1ac8ebf34515d0917b64e98bd4e253;mjimson2@instagram.com;2015-09-10 01:52:48;0;2017-03-03 22:48:17
4;10;asillars3;b9b34821af072f41611d03dc4c6aff6a5de70b3bd915af5a637fdc1e956f48e9;sdrewery3@independent.co.uk;2016-03-16 10:48:31;0;2013-12-27 13:15:39
5;6;fgerdes4;2337a7d544642f5d48fd68f0ffaef6f71452faa5d6142ba37be8ebab024737f8;fbyars4@shop-pro.jp;2015-06-15 01:36:18;1;2016-09-20 10:33:13
6;9;emcnee5;c4e8d1a17e14a5c856c3645657560bcc38f3b238927c61ae291036c6ef997848;astuck5@amazon.com;2017-04-18 14:57:01;0;2016-08-03 09:22:13
7;5;cmorrish6;900cff8e96f987917c457886881c92c1bc6462a806478fe799eb9908443b7790;hfelix6@salon.com;2015-08-11 09:18:39;0;2015-03-05 02:22:17
8;9;hdelacroux7;8813a5585afd7db5a25f0a4ab627def08c8ff39cca50c6fded8dbe2adb73048f;bgoldspink7@wix.com;2017-04-29 17:51:25;0;2013-01-14 00:18:12
9;7;cwoodburn8;4ce9dca28bde8d3f0cbf2a140dabd0be4e36d077507f25540e7aff5336cedd0f;crounsivall8@wordpress.org;2017-05-04 23:17:42;0;2016-12-06 08:05:51
10;6;gcornilli9;8baaad7c3e874af681db84f941a3e0cfd31023068ae3d54e8ba7d4d1d455e323;smansfield9@unblog.fr;2016-06-12 01:55:53;1;2012-07-13 00:10:45
11;4;lnucciottia;428666f471b7bd0a8456d55388bf11b6abf2ea278abba749861b07732d2a8a53;mlowersa@bigcartel.com;2016-11-05 12:43:13;0;2016-12-22 22:48:00
12;3;tgilluleyb;3253cd4466f5bf74df90f0bbf00f4ef5945195c734cc0231ee94f83102a332bb;ablinckhorneb@t-online.de;2015-08-28 02:59:07;1;2014-12-07 17:00:07
13;7;gerringtonc;ab38e4d1d2d4fb9ca962945fed880405482efa6de499e31718faccfaae9ebe37;adavidowskyc@nationalgeographic.com;2015-12-26 05:22:40;0;2014-04-14 22:33:31
14;8;podonnelld;dcb79e7169f3c78bca42b9cc740233d28678f1e797d0a76074e2507e3599db06;kmoyserd@flickr.com;2015-10-03 07:26:39;0;2012-11-15 19:23:17
15;2;tbowlese;7378ada427d8dfadc0175d88454a196fb175cff07d2d37caddede5cffd782f8a;kbulcocke@alibaba.com;2015-05-24 09:29:54;0;2013-05-27 04:10:31
16;8;bdeeneyf;1ed08f503970bc65aa2d94205e8a0ef82671c27e31d80ffa963e93ef23f555de;bpalfrief@imageshack.us;2016-12-23 17:06:55;0;2017-03-30 00:09:14
17;2;sfooteg;756a54d90e812b072e555be65163ad11dc7b4e40a25d2ff0cc92a9b193dfd8bd;kbruhnickeg@lycos.com;2016-10-05 23:02:58;1;2016-08-24 07:29:21
18;2;slooksh;e4866a1cd10eb91cdfa73c96654ca4371be68d6be93fb7082ee999390df598d2;vjicklesh@instagram.com;2016-12-17 07:42:52;1;2014-01-31 23:57:38
19;2;pdartnalli;59a1970f8f45e06e1055dfa8129636a30ef14d3fa16aacb7a4db9dbb87eb198a;tnovotnii@drupal.org;2016-08-31 12:04:06;0;2016-12-15 08:08:02
20;7;mspargoj;3e27e1c5f8c34e83f8b76f20313065b7b22bc7e3edcc86a5a7c53c3b52c3d089;gcorderyj@nature.com;2016-05-26 11:41:30;1;2016-04-12 13:24:21
